{
    "lighting": "none",
    "matrix": {
        "rows": 8,
        "cols": 6
    },
    "layouts": {
        "keymap": [
 [
    {
      "y": 0.25,
      "x": 3
    },
    "0,3",
    {
      "x": 8
    },
    "4,2"
  ],
  [
    {
      "y": -0.87,
      "x": 2
    },
    "0,2",
    {
      "x": 1
    },
    "0,4",
    {
      "x": 6
    },
    "4,1",
    {
      "x": 1
    },
    "4,3"
  ],
  [
    {
      "y": -0.88,
      "x": 5
    },
    "0,5",
    {
      "x": 4
    },
    "4,0"
  ],
  [
    {
      "y": -0.87,
      "x": 1,
      "c": "#ffffff"
    },
    "0,1",
    {
      "x": 12,
      "c": "#e4dedd"
    },
    "4,4"
  ],
  [
    {
      "y": -0.6299999999999999,
      "c": "#ffffff"
    },
    "0,0",
    {
      "x": 14
    },
    "4,5"
  ],
  [
    {
      "y": -0.75,
      "x": 3,
      "c": "#e4dedd"
    },
    "1,3",
    {
      "x": 8
    },
    "5,2"
  ],
  [
    {
      "y": -0.8700000000000001,
      "x": 2
    },
    "1,2",
    {
      "x": 1
    },
    "1,4",
    {
      "x": 6
    },
    "5,1",
    {
      "x": 1
    },
    "5,3"
  ],
  [
    {
      "y": -0.8799999999999999,
      "x": 5
    },
    "1,5",
    {
      "x": 4
    },
    "5,0"
  ],
  [
    {
      "y": -0.8700000000000001,
      "x": 1
    },
    "1,1",
    {
      "x": 12
    },
    "5,4"
  ],
  [
    {
      "y": -0.6299999999999999,
      "c": "#ffffff"
    },
    "1,0",
    {
      "x": 14
    },
    "5,5"
  ],
  [
    {
      "y": -0.75,
      "x": 3,
      "c": "#e4dedd"
    },
    "2,3",
    {
      "x": 8
    },
    "6,2"
  ],
  [
    {
      "y": -0.8700000000000001,
      "x": 2
    },
    "2,2",
    {
      "x": 1
    },
    "2,4",
    {
      "x": 6
    },
    "6,1",
    {
      "x": 1
    },
    "6,3"
  ],
  [
    {
      "y": -0.8799999999999999,
      "x": 5
    },
    "2,5",
    {
      "x": 4
    },
    "6,0"
  ],
  [
    {
      "y": -0.8999999999999999,
      "x": 6,
      "c": "#a19d93"
    },
    "3,5",
    {
      "x": 2
    },
    "7,0"
  ],
  [
    {
      "y": -0.9700000000000002,
      "x": 1,
      "c": "#e4dedd"
    },
    "2,1",
    {
      "x": 12
    },
    "6,4"
  ],
  [
    {
      "y": -0.6299999999999999,
      "c": "#ffffff"
    },
    "2,0",
    {
      "x": 14
    },
    "6,5"
  ],
  [
    {
      "y": -0.7000000000000002,
      "x": 3,
      "c": "#cccccc"
    },
    "3,1",
    {
      "x": 8,
      "c": "#ffffff"
    },
    "7,4"
  ],
  [
    {
      "y": -0.8999999999999999,
      "x": 4
    },
    "3,2"
  ],
  [
    {
      "y": -0.9900000000000002,
      "x": 11
    },
    "7,3"
  ],
  [
    {
      "y": -0.9100000000000001,
      "x": 5,
      "c": "#a19d93"
    },
    "3,3",
    {
      "x": 4
    },
    "7,2"
  ],
  [
    {
      "y": -0.8999999999999999,
      "x": 6
    },
    "3,4",
    {
      "x": 2
    },
    "7,1"
  ]
        ]
    }
}
